# file name	Windows font registry value name
simsun.ttc	SimSun & NSimSun (TrueType)
simsunb.ttf	SimSun-ExtB (TrueType)
SimsunExtG.ttf	SimSun-ExtG (TrueType)
segoeui.ttf	Segoe UI (TrueType)
seguibl.ttf	Segoe UI Black (TrueType)
seguibli.ttf	Segoe UI Black Italic (TrueType)
segoeuib.ttf	Segoe UI Bold (TrueType)
segoeuiz.ttf	Segoe UI Bold Italic (TrueType)
seguiemj.ttf	Segoe UI Emoji (TrueType)
seguihis.ttf	Segoe UI Historic (TrueType)
segoeuii.ttf	Segoe UI Italic (TrueType)
segoeuil.ttf	Segoe UI Light (TrueType)
seguili.ttf	Segoe UI Light Italic (TrueType)
seguisb.ttf	Segoe UI Semibold (TrueType)
seguisbi.ttf	Segoe UI Semibold Italic (TrueType)
segoeuisl.ttf	Segoe UI Semilight (TrueType)
seguisli.ttf	Segoe UI Semilight Italic (TrueType)
seguisym.ttf	Segoe UI Symbol (TrueType)
SegUIVar.ttf	Segoe UI Variable (TrueType)
